nombre_campo,longitud,tipo,nemónico,catálogo,rango_claves
"Número de folio consecutivo","7","C","folio","","0000001…0008301"
"Número de Vivienda seleccionada","2","C","viv_sel","","01...24"
"Pregunta P1.1 ¿Cuántas personas viven normalmente en esta vivienda contando a los niños chiquitos y a los adultos mayores (Incluya también a los trabajadores domésticos y a los huéspedes que duermen aquí)?","2","C","p1_1","","01...25"
"Pregunta P1.2 ¿Todas las personas que viven en esta vivienda comparten un mismo gasto para comer?","1","C","p1_2","p1_2","1,2"
"Pregunta P1.3 Entonces, ¿cuántos hogares o grupos de personas tienen gasto separado para comer, contando el de usted?","2","C","p1_3","","02...05"
"Pregunta P4.3 Entrevistador: identifica la clase de vivienda","1","C","p4_3","p4_3","1...7"
"Pregunta P4.4 ¿De qué material es la mayor parte de las paredes de esta vivienda?","1","C","p4_4","p4_4","1...8"
"Pregunta P4.5 ¿De qué material es la mayor parte del techo de esta vivienda?","2","C","p4_5","p4_5","01...10"
"Pregunta P4.6 ¿De qué material es la mayor parte del piso de esta vivienda?","1","C","p4_6","p4_6","1...3"
"Pregunta P4.7.1 Para evitar el exceso de calor o frío, ¿esta vivienda tiene algún tipo de aislamiento térmico en techos?","1","C","p4_7_1","p4_7_1","1,2,9"
"Pregunta P4.7.2 Para evitar el exceso de calor o frío, ¿esta vivienda tiene algún tipo de aislamiento térmico en paredes?","1","C","p4_7_2","p4_7_2","1,2,9"
"Pregunta P4.7.3 Para evitar el exceso de calor o frío, ¿esta vivienda tiene algún tipo de aislamiento térmico en ventanas?","1","C","p4_7_3","p4_7_3","1,2,9"
"Pregunta P4.8.1 Para disminuir el exceso de ruido, ¿esta vivienda tiene algún tipo de aislamiento en techos?","1","C","p4_8_1","p4_8_1","1,2,9"
"Pregunta P4.8.2 Para disminuir el exceso de ruido, ¿esta vivienda tiene algún tipo de aislamiento en paredes?","1","C","p4_8_2","p4_8_2","1,2,9"
"Pregunta P4.8.3 Para disminuir el exceso de ruido, ¿esta vivienda tiene algún tipo de aislamiento en ventanas?","1","C","p4_8_3","p4_8_3","1,2,9"
"Pregunta P4.8.4 Para disminuir el exceso de ruido, ¿esta vivienda tiene algún tipo de aislamiento en puertas?","1","C","p4_8_4","p4_8_4","1,2,9"
"Pregunta P4.9 ¿Esta vivienda tiene un cuarto para cocinar?","1","C","p4_9","p4_9","1,2"
"Pregunta P4.10 ¿Cuántos cuartos se usan para dormir, sin contar pasillos?","2","C","p4_10","","01...13"
"Pregunta P4.10A ¿Cuántos cuartos tiene en total esta vivienda, contando la cocina (no cuente pasillos ni baños)?","2","C","p4_10a","","01...21"
"Pregunta P4.11 ¿Esta vivienda tiene excusado, retrete o sanitario (letrina u hoyo negro)?","1","C","p4_11","p4_11","1,2"
"Pregunta P4.12 ¿El servicio sanitario...?","1","C","p4_12","p4_12","1...3"
"Pregunta P4.13 ¿El agua la obtienen de llaves o mangueras que están...?","1","C","p4_13","p4_13","1...3"
"Pregunta P4.14 ¿El agua entubada que llega a su vivienda viene...?","1","C","p4_14","p4_14","1...5"
"Pregunta P4.15 ¿Esta vivienda tiene drenaje o desagüe conectado a...?","1","C","p4_15","p4_15","1...5,9"
"Pregunta P4.16 ¿Hay luz eléctrica en esta vivienda?","1","C","p4_16","p4_16","1,2"
"Pregunta P4.17 En esta vivienda, ¿el combustible que más usan para cocinar o calentar los alimentos es...?","1","C","p4_17","p4_17","1...5,9"
"Pregunta P4.18 El lugar donde cocinan con leña o carbón, ¿tiene un tubo o chimenea para sacar el humo?","1","C","p4_18","p4_18","1,2"
"Pregunta P4.19.1 ¿Hace cuánto tiempo fue construida esta vivienda?","2","C","p4_19_1","p4_19_1","00...99"
"Pregunta P4.19.2 ¿Hace cuánto tiempo fue construida esta vivienda?","1","C","p4_19_2","p4_19_2","1...7,9"
"Pregunta P4.20.1 ¿Cuántos metros mide el terreno de la vivienda?","3","C","p4_20_1","p4_20_1","009...999"
"Pregunta P4.20.2 ¿Cuántos metros mide el terreno de la vivienda?","2","C","p4_20_2","p4_20_2","01...09,99"
"Pregunta P4.21.1 ¿Cuántos metros de construcción tiene esta vivienda?","3","C","p4_21_1","p4_21_1","009…991,997...999"
"Pregunta P4.21.2 ¿Cuántos metros de construcción tiene esta vivienda?","1","C","p4_21_2","p4_21_2","1...9"
"Pregunta P4.22.1 ¿Esta vivienda está equipada con lavadero?","1","C","p4_22_1","p4_22_1","1,2"
"Pregunta P4.22.2 ¿Esta vivienda está equipada con fregadero o tarja?","1","C","p4_22_2","p4_22_2","1,2"
"Pregunta P4.22.3 ¿Esta vivienda está equipada con tinaco?","1","C","p4_22_3","p4_22_3","1,2"
"Pregunta P4.22.4 ¿Esta vivienda está equipada con cisterna o aljibe?","1","C","p4_22_4","p4_22_4","1,2"
"Pregunta P4.22.5 ¿Esta vivienda está equipada con calentador de agua o bóiler (gas, eléctrico, leña)?","1","C","p4_22_5","p4_22_5","1,2"
"Pregunta P4.22.6 ¿Esta vivienda está equipada con calentador solar?","1","C","p4_22_6","p4_22_6","1,2"
"Pregunta P4.22.7 ¿Esta vivienda está equipada con tanque de gas estacionario?","1","C","p4_22_7","p4_22_7","1,2"
"Pregunta P4.22.8 ¿Esta vivienda está equipada con aire acondicionado?","1","C","p4_22_8","p4_22_8","1,2"
"Pregunta P4.22.9 ¿Esta vivienda está equipada con calefacción?","1","C","p4_22_9","p4_22_9","1,2"
"Pregunta P4.23.1 ¿Esta vivienda cuenta con sala comedor?","1","C","p4_23_1","p4_23_1","1,2"
"Pregunta P4.23.2 ¿Esta vivienda cuenta con jardín?","1","C","p4_23_2","p4_23_2","1,2"
"Pregunta P4.23.3 ¿Esta vivienda cuenta con patio?","1","C","p4_23_3","p4_23_3","1,2"
"Pregunta P4.23.4 ¿Esta vivienda cuenta con cuarto de lavado?","1","C","p4_23_4","p4_23_4","1,2"
"Pregunta P4.23.5 ¿Esta vivienda cuenta con cuarto de televisión o estudio?","1","C","p4_23_5","p4_23_5","1,2"
"Pregunta P4.23.6 ¿Esta vivienda cuenta con cochera o cajón de estacionamiento?","1","C","p4_23_6","p4_23_6","1,2"
"Pregunta P4.24.1 ¿Esta vivienda tiene un local comercial?","1","C","p4_24_1","p4_24_1","1,2"
"Pregunta P4.24.2 ¿Esta vivienda tiene un espacio adaptado para negocio (tiendita, taller) oficina o consultorio?","1","C","p4_24_2","p4_24_2","1,2"
"Pregunta P4.25.1 Esta vivienda, ¿tiene problemas con grietas o cuarteaduras en techos o muros?","1","C","p4_25_1","p4_25_1","1,2,9"
"Pregunta P4.25.2 Esta vivienda, ¿tiene problemas con pandeos o deformaciones en los marcos de las puertas o ventanas?","1","C","p4_25_2","p4_25_2","1,2,9"
"Pregunta P4.25.3 Esta vivienda, ¿tiene problemas con levantamientos o hundimientos del piso?","1","C","p4_25_3","p4_25_3","1,2,9"
"Pregunta P4.25.4 Esta vivienda, ¿tiene problemas con humedad o filtraciones de agua en cimientos, muros o techos?","1","C","p4_25_4","p4_25_4","1,2,9"
"Pregunta P4.25.5 Esta vivienda, ¿tiene problemas con fracturas, pandeos o deformación de columnas, vigas o trabes?","1","C","p4_25_5","p4_25_5","1,2,9"
"Pregunta P4.25.6 Esta vivienda, ¿tiene problemas con el sistema eléctrico (muros, techos, etcétera)?","1","C","p4_25_6","p4_25_6","1,2,9"
"Pregunta P4.25.7 Esta vivienda, ¿tiene problemas con las tuberías de agua o drenaje dentro de la vivienda?","1","C","p4_25_7","p4_25_7","1,2,9"
"Pregunta P4.26.1 Su edificio, ¿tiene problemas como grietas, fracturas o humedad en pasillos?","1","C","p4_26_1","p4_26_1","1,2,9"
"Pregunta P4.26.2 Su edificio, ¿tiene problemas como grietas, fracturas o humedad en escaleras?","1","C","p4_26_2","p4_26_2","1,2,9"
"Pregunta P4.26.3 Su edificio, ¿tiene problemas como grietas, fracturas o humedad en elevador?","1","C","p4_26_3","p4_26_3","1,2,9"
"Pregunta P5.1 ¿Esta vivienda...?","1","C","p5_1","p5_1","1...7"
"Pregunta P5.2 Por esta vivienda que (RESPUESTA DE 5.1), ¿cuánto se paga al mes?","9","C","p5_2","p5_2","000000000,000000100…000050000,999999888,999999999"
"Pregunta P5.3 Quien les renta esta vivienda, ¿es...?","1","C","p5_3","p5_3","1...3"
"Pregunta P5.4 ¿Se tiene un contrato vigente?","1","C","p5_4","p5_4","1,2"
"Pregunta P5.5 De la siguiente tarjeta, dígame ¿cuál fue la principal razón por la que renta?","1","C","p5_5","p5_5","1...6,9"
"Pregunta P5.6.1 ¿Alguna persona de este hogar es la dueña o el dueño de esta vivienda?","1","C","p5_6_1","p5_6_1","1,2"
"Pregunta P5.6.2 ¿Quién? (Dueño)","2","C","p5_6_2","","01…14"
"Pregunta P5.6.3 ¿Quién? (Segundo dueño)","2","C","p5_6_3","p5_6_3","01…06,98"
"Pregunta P5.7 ¿Esta vivienda cuenta con escritura o título de propiedad...?","1","C","p5_7","p5_7","1...3,9"
"Pregunta P5.8 Si se rentara o alquilara esta vivienda, ¿cuánto se cobraría al mes?","5","C","p5_8","p5_8","00098...90000,98000,99888,99999"
"Pregunta P5.9 Si tuviera que venderse en este momento la vivienda, ¿en cuánto se daría?","9","C","p5_9","p5_9","000000600…045000000,900000000,999999888,999999999"
"Pregunta P5.10 Actualmente, ¿se renta para alojamiento parte de esta vivienda?","1","C","p5_10","p5_10","1,2"
"Pregunta P5.11 ¿Cuánto se cobra de renta mensual?","5","C","p5_11","p5_11","00100…80000,9800,99888,99999"
"Pregunta P5.12 ¿Esta vivienda...?","1","C","p5_12","p5_12","1...7"
"Pregunta P5.13.1 ¿En qué año se adquirió esta vivienda?","4","C","p5_13_1","p5_13_1","1900...2020,9999"
"Pregunta P5.13.2 ¿En qué año se inició la construcción?","4","C","p5_13_2","p5_13_2","1900...2020,9999"
"Pregunta P5.13.3 ¿En qué año se finalizó la construcción?","4","C","p5_13_3","p5_13_3","1900...2020,8888,9999"
"Pregunta P5.14 En total ¿cuánto se acordó pagar por ella?","9","C","p5_14","p5_14","000000500…800000000,900000000,999999888,999999999"
"Pregunta P5.14A ¿Esta cantidad es en...?","1","C","p5_14a","p5_14a","1,2"
"Pregunta P5.15.01 Para financiar la compra (construcción) de esta vivienda, ¿alguna persona de este hogar utilizó crédito de INFONAVIT?","1","C","p5_15_01","p5_15_01","1,2"
"Pregunta P5.16.01 ¿Cuánto les otorgaron (se usó) de (del) (crédito de INFONAVIT)?","9","C","p5_16_01","p5_16_01","000001200…700000000,999999888,999999999"
"Pregunta P5.16A.01 ¿Esta cantidad fue en...?","1","C","p5_16a_01","p5_16a_01","1,2"
"Pregunta P5.17.01 ¿A cuántos años se otorgó el (crédito de INFONAVIT)?","2","C","p5_17_01","p5_17_01","01…50,98,99"
"Pregunta P5.15.02 Para financiar la compra (construcción) de esta vivienda, ¿alguna persona de este hogar utilizó crédito de FOVISSSTE?","1","C","p5_15_02","p5_15_02","1,2"
"Pregunta P5.16.02 ¿Cuánto les otorgaron (se usó) de (del) (crédito de FOVISSSTE)?","9","C","p5_16_02","p5_16_02","000002500…035900000,999999888,999999999"
"Pregunta P5.16A.02 ¿Esta cantidad fue en...?","1","C","p5_16a_02","p5_16a_02","1,2"
"Pregunta P5.17.02 ¿A cuántos años se otorgó el (crédito de FOVISSSTE)?","2","C","p5_17_02","p5_17_02","01…30,98,99"
"Pregunta P5.15.03 Para financiar la compra (construcción) de esta vivienda, ¿alguna persona de este hogar utilizó crédito de otra institución pública?","1","C","p5_15_03","p5_15_03","1,2"
"Pregunta P5.16.03 ¿Cuánto les otorgaron (se usó) de (del) (crédito de otra institución pública)?","9","C","p5_16_03","p5_16_03","000001000…150000000,999999888,999999999"
"Pregunta P5.16A.03 ¿Esta cantidad fue en...?","1","C","p5_16a_03","p5_16a_03","1,2"
"Pregunta P5.17.03 ¿A cuántos años se otorgó el (crédito de otra institución pública)?","2","C","p5_17_03","p5_17_03","01…30,98,99"
"Pregunta P5.15.04 Para financiar la compra (construcción) de esta vivienda, ¿alguna persona de este hogar utilizó crédito de una institución financiera privada (banco, sofol, caja de ahorro)?","1","C","p5_15_04","p5_15_04","1,2"
"Pregunta P5.16.04 ¿Cuánto les otorgaron (se usó) de (del) (crédito de una institución financiera privada (banco, sofol, caja de ahorro))?","9","C","p5_16_04","p5_16_04","000001000...250000000,999999888,999999999"
"Pregunta P5.16A.04 ¿Esta cantidad fue en...?","1","C","p5_16a_04","p5_16a_04","1,2"
"Pregunta P5.17.04 ¿A cuántos años se otorgó el (crédito de una institución financiera privada (banco, sofol, caja de ahorro))?","2","C","p5_17_04","p5_17_04","01…35,98,99"
"Pregunta P5.15.05 Para financiar la compra (construcción) de esta vivienda, ¿alguna persona de este hogar utilizó crédito de alguna organización no lucrativa?","1","C","p5_15_05","p5_15_05","1,2"
"Pregunta P5.16.05 ¿Cuánto les otorgaron (se usó) de (del) (crédito de alguna organización no lucrativa)?","9","C","p5_16_05","p5_16_05","000000990…030000000,999999888,999999999"
"Pregunta P5.16A.05 ¿Esta cantidad fue en...?","1","C","p5_16a_05","p5_16a_05","1,2"
"Pregunta P5.17.05 ¿A cuántos años se otorgó el (crédito de alguna organización no lucrativa)?","2","C","p5_17_05","p5_17_05","01…30,98,99"
"Pregunta P5.15.06 Para financiar la compra (construcción) de esta vivienda, ¿alguna persona de este hogar utilizó préstamo de un familiar, amigo u otra persona?","1","C","p5_15_06","p5_15_06","1,2"
"Pregunta P5.16.06 ¿Cuánto les otorgaron (se usó) de (del) (préstamo de un familiar, amigo u otra persona)?","9","C","p5_16_06","p5_16_06","000000100…100000000,999999888,999999999"
"Pregunta P5.16A.06 ¿Esta cantidad fue en...?","1","C","p5_16a_06","p5_16a_06","1,2"
"Pregunta P5.17.06 ¿A cuántos años se otorgó el (préstamo de un familiar, amigo u otra persona)?","2","C","p5_17_06","p5_17_06","01…33,98,99"
"Pregunta P5.15.07 Para financiar la compra (construcción) de esta vivienda, ¿alguna persona de este hogar utilizó sus propios recursos?","1","C","p5_15_07","p5_15_07","1,2"
"Pregunta P5.16.07 ¿Cuánto les otorgaron (se usó) de (del) (sus propios recursos)?","9","C","p5_16_07","p5_16_07","000000100…750000000,999999888,999999999"
"Pregunta P5.16A.07 ¿Esta cantidad fue en...?","1","C","p5_16a_07","p5_16a_07","1,2"
"Pregunta P5.15.08 Para financiar la compra (construcción) de esta vivienda, ¿alguna persona de este hogar utilizó subsidio Federal (CONAVI, FONHAPO, etcétera)?","1","C","p5_15_08","p5_15_08","1,2"
"Pregunta P5.16.08 ¿Cuánto les otorgaron (se usó) de (del) (subsidio Federal (CONAVI, FONHAPO, etcétera))?","9","C","p5_16_08","p5_16_08","000001000…036000000,999999888,999999999"
"Pregunta P5.16A.08 ¿Esta cantidad fue en...?","1","C","p5_16a_08","p5_16a_08","1,2"
"Pregunta P5.15.09 Para financiar la compra (construcción) de esta vivienda, ¿alguna persona de este hogar utilizó subsidio Estatal?","1","C","p5_15_09","p5_15_09","1,2"
"Pregunta P5.16.09 ¿Cuánto les otorgaron (se usó) de (del) (subsidio Estatal)?","9","C","p5_16_09","p5_16_09","000000100…003000000,999999888,999999999"
"Pregunta P5.16A.09 ¿Esta cantidad fue en...?","1","C","p5_16a_09","p5_16a_09","1,2"
"Pregunta P5.15.10 Para financiar la compra (construcción) de esta vivienda, ¿alguna persona de este hogar utilizó subsidio Municipal?","1","C","p5_15_10","p5_15_10","1,2"
"Pregunta P5.16.10 ¿Cuánto les otorgaron (se usó) de (del) (subsidio Municipal)?","9","C","p5_16_10","p5_16_10","000000200…000228000,999999888,999999999"
"Pregunta P5.16A.10 ¿Esta cantidad fue en...?","1","C","p5_16a_10","p5_16a_10","1,2"
"Pregunta P5.18.1 ¿Se tiene deuda vigente en el crédito de INFONAVIT?","1","C","p5_18_1","p5_18_1","1,2"
"Pregunta P5.19.1 Del (crédito de INFONAVIT), ¿cuánto se ha pagado hasta el mes pasado?","7","C","p5_19_1","p5_19_1","0000000,0000100…7200026,9999888,9999999"
"Pregunta P5.20.1 De este crédito (préstamo), ¿cuánto se debe todavía?","7","C","p5_20_1","p5_20_1","0000100…8000033,9000000,9999888,9999999"
"Pregunta P5.21.1.1 ¿Cuánto tiempo falta para terminar de pagar el crédito (préstamo)? - AÑOS","2","C","p5_21_1_1","p5_21_1_1","00…35,99"
"Pregunta P5.21.1.2 ¿Cuánto tiempo falta para terminar de pagar el crédito (préstamo)? - MESES","2","C","p5_21_1_2","p5_21_1_2","00...11,88,99"
"Pregunta P5.18.2 ¿Se tiene deuda vigente en el crédito de FOVISSSTE?","1","C","p5_18_2","p5_18_2","1,2"
"Pregunta P5.19.2 Del (crédito de FOVISSSTE), ¿cuánto se ha pagado hasta el mes pasado?","7","C","p5_19_2","p5_19_2","0000000,0000100…2100002,9999888,9999999"
"Pregunta P5.20.2 De este crédito (préstamo), ¿cuánto se debe todavía?","7","C","p5_20_2","p5_20_2","0000450…4280002,9999888,9999999"
"Pregunta P5.21.2.1 ¿Cuánto tiempo falta para terminar de pagar el crédito (préstamo)? - AÑOS","2","C","p5_21_2_1","p5_21_2_1","00…30,99"
"Pregunta P5.21.2.2 ¿Cuánto tiempo falta para terminar de pagar el crédito (préstamo)? - MESES","2","C","p5_21_2_2","p5_21_2_2","00...11,88,99"
"Pregunta P5.18.3 ¿Se tiene deuda vigente en el crédito de otra institución pública?","1","C","p5_18_3","p5_18_3","1,2"
"Pregunta P5.19.3 Del (crédito de otra institución pública), ¿cuánto se ha pagado hasta el mes pasado?","7","C","p5_19_3","p5_19_3","0000000,0000144…0820000,9999888,9999999"
"Pregunta P5.20.3 De este crédito (préstamo), ¿cuánto se debe todavía?","7","C","p5_20_3","p5_20_3","0000851…1800000,9999888,9999999"
"Pregunta P5.21.3.1 ¿Cuánto tiempo falta para terminar de pagar el crédito (préstamo)? - AÑOS","2","C","p5_21_3_1","p5_21_3_1","00…20,99"
"Pregunta P5.21.3.2 ¿Cuánto tiempo falta para terminar de pagar el crédito (préstamo)? - MESES","2","C","p5_21_3_2","p5_21_3_2","00...10,88,99"
"Pregunta P5.18.4 ¿Se tiene deuda vigente en el crédito de una institución financiera privada (banco, sofol, caja de ahorro)?","1","C","p5_18_4","p5_18_4","1,2"
"Pregunta P5.19.4 Del (crédito de una institución financiera privada (banco, sofol, caja de ahorro)), ¿cuánto se ha pagado hasta el mes pasado?","7","C","p5_19_4","p5_19_4","0000000,0000600…6000000,9999888,9999999"
"Pregunta P5.20.4 De este crédito (préstamo), ¿cuánto se debe todavía?","7","C","p5_20_4","p5_20_4","0000200…8000000,9000000,9999888,9999999"
"Pregunta P5.21.4.1 ¿Cuánto tiempo falta para terminar de pagar el crédito (préstamo)? - AÑOS","2","C","p5_21_4_1","p5_21_4_1","00…33,99"
"Pregunta P5.21.4.2 ¿Cuánto tiempo falta para terminar de pagar el crédito (préstamo)? - MESES","2","C","p5_21_4_2","p5_21_4_2","00...11,88,99"
"Pregunta P5.18.5 ¿Se tiene deuda vigente en el crédito de alguna organización no lucrativa?","1","C","p5_18_5","p5_18_5","1,2"
"Pregunta P5.19.5 Del (crédito de alguna organización no lucrativa), ¿cuánto se ha pagado hasta el mes pasado?","7","C","p5_19_5","p5_19_5","0000000,0001700…1600000,9999888,9999999"
"Pregunta P5.20.5 De este crédito (préstamo), ¿cuánto se debe todavía?","7","C","p5_20_5","p5_20_5","0000600…1160000,9999888,9999999"
"Pregunta P5.21.5.1 ¿Cuánto tiempo falta para terminar de pagar el crédito (préstamo)? - AÑOS","2","C","p5_21_5_1","p5_21_5_1","00…11,99"
"Pregunta P5.21.5.2 ¿Cuánto tiempo falta para terminar de pagar el crédito (préstamo)? - MESES","2","C","p5_21_5_2","p5_21_5_2","00...11,88,99"
"Pregunta P5.18.6 ¿Se tiene deuda vigente en el préstamo de un familiar, amigo u otra persona?","1","C","p5_18_6","p5_18_6","1,2"
"Pregunta P5.19.6 Del (préstamo de un familiar, amigo u otra persona), ¿cuánto se ha pagado hasta el mes pasado?","7","C","p5_19_6","p5_19_6","0000000,0000150…1000000,9999888,9999999"
"Pregunta P5.20.6 De este crédito (préstamo), ¿cuánto se debe todavía?","7","C","p5_20_6","p5_20_6","0000150…3500000,9999888,9999999"
"Pregunta P5.21.6.1 ¿Cuánto tiempo falta para terminar de pagar el crédito (préstamo)? - AÑOS","2","C","p5_21_6_1","p5_21_6_1","00…20,99"
"Pregunta P5.21.6.2 ¿Cuánto tiempo falta para terminar de pagar el crédito (préstamo)? - MESES","2","C","p5_21_6_2","p5_21_6_2","00...11,88,99"
"Pregunta P5.22 ¿Alguna persona de este hogar compró el terreno para la construcción de la vivienda?","1","C","p5_22","p5_22","1,2"
"Pregunta P5.23 ¿El terreno donde se construyó se obtuvo...?","1","C","p5_23","p5_23","1...3"
"Pregunta P5.24 ¿Cuánto se pagó por el terreno o lote donde se construyó esta vivienda?","9","C","p5_24","p5_24","000000100…710000000,900000000,999999888,999999999"
"Pregunta P5.24A ¿Esta cantidad es en...?","1","C","p5_24a","p5_24a","1,2"
"Pregunta P5.25.1 Para la construcción de esta vivienda, durante 2019 ¿alguna persona de este hogar gastó en servicios de diseño y trazado de la vivienda?","1","C","p5_25_1","p5_25_1","1,2"
"Pregunta P5.26.1 ¿Cuánto se gastó en (servicios de diseño y trazado de la vivienda)?","9","C","p5_26_1","p5_26_1","000000250…000500000,999999888,999999999"
"Pregunta P5.25.2 Para la construcción de esta vivienda, durante 2019 ¿alguna persona de este hogar gastó en servicios de división y preparación del terreno?","1","C","p5_25_2","p5_25_2","1,2"
"Pregunta P5.26.2 ¿Cuánto se gastó en (servicios de división y preparación del terreno)?","9","C","p5_26_2","p5_26_2","000000750…015000000,999999888,999999999"
"Pregunta P5.25.3 Para la construcción de esta vivienda, durante 2019 ¿alguna persona de este hogar gastó en servicios de demolición de otra vivienda?","1","C","p5_25_3","p5_25_3","1,2"
"Pregunta P5.26.3 ¿Cuánto se gastó en (servicios de demolición de otra vivienda)?","9","C","p5_26_3","p5_26_3","000000200…000070000,999999888,999999999"
"Pregunta P5.25.4 Para la construcción de esta vivienda, durante 2019 ¿alguna persona de este hogar gastó en licencia o permiso para construir?","1","C","p5_25_4","p5_25_4","1,2"
"Pregunta P5.26.4 ¿Cuánto se gastó en (licencia o permiso para construir)?","9","C","p5_26_4","p5_26_4","000000116…000220000,999999888,999999999"
"Pregunta P5.25.5 Para la construcción de esta vivienda, durante 2019 ¿alguna persona de este hogar gastó en otros servicios para la construcción de la vivienda (avalúo de terreno, licencia de uso de suelo, registro público de la propiedad)?","1","C","p5_25_5","p5_25_5","1,2"
"Pregunta P5.26.5 ¿Cuánto se gastó en (otros servicios para la construcción de la vivienda (avalúo de terreno, licencia de uso de suelo, registro público de la propiedad))?","9","C","p5_26_5","p5_26_5","000000200…000700000,999999888,999999999"
"Pregunta P5.27.1 Durante 2019, para esta vivienda ¿alguna persona de este hogar gastó en servicios notariales para la escrituración de la vivienda?","1","C","p5_27_1","p5_27_1","1,2"
"Pregunta P5.28.1 ¿Cuánto se gastó en (gastó en servicios notariales para la escrituración de la vivienda)?","9","C","p5_28_1","p5_28_1","000000099…000800000,999999888,999999999"
"Pregunta P5.27.2 Durante 2019, para esta vivienda ¿alguna persona de este hogar realizó otros gastos derivados de la compra (construcción) de esta vivienda (impuestos y honorarios del notario)?","1","C","p5_27_2","p5_27_2","1,2"
"Pregunta P5.28.2 ¿Cuánto se gastó en (realizó otros gastos derivados de la compra (construcción) de esta vivienda (impuestos y honorarios del notario)?","9","C","p5_28_2","p5_28_2","000000130…010000000,999999888,999999999"
"Pregunta P5.29.1 Durante 2019, ¿en esta vivienda se hizo alguna construcción de paredes, pisos, techos?","1","C","p5_29_1","p5_29_1","1,2"
"Pregunta P5.30.1.1 Para la (construcción de paredes, pisos, techos ), ¿cuánto se gastó en materiales?","9","C","p5_30_1_1","p5_30_1_1","000000000,000000300…004000000,999999888,999999999"
"Pregunta P5.30.1.2 Para la (construcción de paredes, pisos, techos ), ¿cuánto se gastó en sueldos y salarios?","9","C","p5_30_1_2","p5_30_1_2","000000000,000000100…001000000,999999888,999999999"
"Pregunta P5.30.1.3  Para la (construcción de paredes, pisos, techos ), ¿cuánto se gastó en licencia o permiso para construir?","9","C","p5_30_1_3","p5_30_1_3","000000000,000000150…008000000,999999888,999999999"
"Pregunta P5.29.2 Durante 2019, ¿en esta vivienda se hizo alguna ampliación como construir nuevos cuartos?","1","C","p5_29_2","p5_29_2","1,2"
"Pregunta P5.30.2.1 Para la (ampliación como construir nuevos cuartos), ¿cuánto se gastó en materiales?","9","C","p5_30_2_1","p5_30_2_1","000000000,000000300…004000000,999999888,999999999"
"Pregunta P5.30.2.2 Para la (ampliación como construir nuevos cuartos), ¿cuánto se gastó en sueldos y salarios?","9","C","p5_30_2_2","p5_30_2_2","000000000,000000200…001000000,999999888,999999999"
"Pregunta P5.30.2.3 Para la (ampliación como construir nuevos cuartos), ¿cuánto se gastó en licencia o permiso para construir?","9","C","p5_30_2_3","p5_30_2_3","000000000,000000160…000045000,999999888,999999999"
"Pregunta P5.29.3 Durante 2019, ¿en esta vivienda se hizo alguna renovación, rehabilitación o reforzamiento de la parte estructural como un cambio o construcción de trabes, paredes, cimientos, techos, muros, vigas o pisos?","1","C","p5_29_3","p5_29_3","1,2"
"Pregunta P5.30.3.1 Para la (renovación, rehabilitación o reforzamiento de la parte estructural como un cambio o construcción de trabes, paredes, cimientos, techos, muros, vigas o pisos), ¿cuánto se gastó en materiales?","9","C","p5_30_3_1","p5_30_3_1","000000000,000000130…004000000,999999888,999999999"
"Pregunta P5.30.3.2 Para la (renovación, rehabilitación o reforzamiento de la parte estructural como un cambio o construcción de trabes, paredes, cimientos, techos, muros, vigas o pisos), ¿cuánto se gastó en sueldos y salarios?","9","C","p5_30_3_2","p5_30_3_2","000000000,000000200…000300000,999999888,999999999"
"Pregunta P5.30.3.3 Para la (renovación, rehabilitación o reforzamiento de la parte estructural como un cambio o construcción de trabes, paredes, cimientos, techos, muros, vigas o pisos), ¿cuánto se gastó en licencia o permiso para construir?","9","C","p5_30_3_3","p5_30_3_3","000000000,000000125…000015000,999999888,999999999"
"Pregunta P5.29.4 Durante 2019, ¿en esta vivienda se hizo alguna reparación menor o mantenimiento?","1","C","p5_29_4","p5_29_4","1,2"
"Pregunta P5.30.4.1 Para la (reparación menor o mantenimiento), ¿cuánto se gastó en materiales?","9","C","p5_30_4_1","p5_30_4_1","000000000,000000015…001500000,999999888,999999999"
"Pregunta P5.30.4.2 Para la (reparación menor o mantenimiento), ¿cuánto se gastó en sueldos y salarios?","9","C","p5_30_4_2","p5_30_4_2","000000000,000000050…000300000,999999888,999999999"
"Pregunta P5.29.5 Durante 2019, ¿en esta vivienda se hizo alguna remodelación?","1","C","p5_29_5","p5_29_5","1,2"
"Pregunta P5.30.5.1 Para la (remodelación), ¿cuánto se gastó en materiales?","9","C","p5_30_5_1","p5_30_5_1","000000000,000000100…000800000,999999888,999999999"
"Pregunta P5.30.5.2 Para la (remodelación), ¿cuánto se gastó en sueldos y salarios?","9","C","p5_30_5_2","p5_30_5_2","000000000,000000120…000300000,999999888,999999999"
"Pregunta P5.31.1 Para financiar este gasto, ¿alguna persona de este hogar utilizó crédito de una institución pública?","1","C","p5_31_1","p5_31_1","1,2"
"Pregunta P5.32.1 ¿Qué cantidad se obtuvo del (de) (crédito de una institución pública)?","9","C","p5_32_1","p5_32_1","000000200…001200000,999999888,999999999"
"Pregunta P5.31.2 Para financiar este gasto, ¿alguna persona de este hogar utilizó crédito de una institución privada (banco, sofol, caja de ahorro)?","1","C","p5_31_2","p5_31_2","1,2"
"Pregunta P5.32.2 ¿Qué cantidad se obtuvo del (de) (crédito de una institución privada (banco, sofol, caja de ahorro))?","9","C","p5_32_2","p5_32_2","000000100…000800000,999999888,999999999"
"Pregunta P5.31.3 Para financiar este gasto, ¿alguna persona de este hogar utilizó crédito de una organización no lucrativa?","1","C","p5_31_3","p5_31_3","1,2"
"Pregunta P5.32.3 ¿Qué cantidad se obtuvo del (de) (crédito de una organización no lucrativa)?","9","C","p5_32_3","p5_32_3","000000500…000850000,999999888,999999999"
"Pregunta P5.31.4 Para financiar este gasto, ¿alguna persona de este hogar utilizó préstamo de un familiar, amigo u otra persona?","1","C","p5_31_4","p5_31_4","1,2"
"Pregunta P5.32.4 ¿Qué cantidad se obtuvo del (de) (préstamo de un familiar, amigo u otra persona)?","9","C","p5_32_4","p5_32_4","000000250…000400000,999999888,999999999"
"Pregunta P5.31.5 Para financiar este gasto, ¿alguna persona de este hogar utilizó sus propios recursos?","1","C","p5_31_5","p5_31_5","1,2"
"Pregunta P5.32.5 ¿Qué cantidad se obtuvo del (de) (sus propios recursos)?","9","C","p5_32_5","p5_32_5","000000015…005000000,999999888,999999999"
"Pregunta P5.31.6 Para financiar este gasto, ¿alguna persona de este hogar utilizó subsidio Federal (CONAVI, FONHAPO, etcétera.)?","1","C","p5_31_6","p5_31_6","1,2"
"Pregunta P5.32.6 ¿Qué cantidad se obtuvo del (de) (subsidio Federal (CONAVI, FONHAPO, etcétera.))?","9","C","p5_32_6","p5_32_6","000001000…000330000,999999888,999999999"
"Pregunta P5.31.7 Para financiar este gasto, ¿alguna persona de este hogar utilizó subsidio Estatal?","1","C","p5_31_7","p5_31_7","1,2"
"Pregunta P5.32.7 ¿Qué cantidad se obtuvo del (de) (subsidio Estatal)?","9","C","p5_32_7","p5_32_7","000002000…000130000,999999888,999999999"
"Pregunta P5.31.8 Para financiar este gasto, ¿alguna persona de este hogar utilizó subsidio Municipal?","1","C","p5_31_8","p5_31_8","1,2"
"Pregunta P5.32.8 ¿Qué cantidad se obtuvo del (de) (subsidio Municipal)?","9","C","p5_32_8","p5_32_8","000000500…000120000,999999888,999999999"
"Pregunta P5.33.1 Durante 2019, ¿alguna persona de este hogar recibió gratuitamente material para construir la vivienda?","1","C","p5_33_1","p5_33_1","1,2"
"Pregunta P5.34.1.1 ¿Quién otorgó el (material para construir la vivienda)? - GOBIERNO","1","C","p5_34_1_1","p5_34_1_1","0,1"
"Pregunta P5.34.1.2 ¿Quién otorgó el (material para construir la vivienda)? - ORGANIZACIONES NO LUCRATIVAS","1","C","p5_34_1_2","p5_34_1_2","0,1"
"Pregunta P5.34.1.3 ¿Quién otorgó el (material para construir la vivienda)? - EMPRESAS","1","C","p5_34_1_3","p5_34_1_3","0,1"
"Pregunta P5.34.1.4 ¿Quién otorgó el (material para construir la vivienda)? - OTRO HOGAR","1","C","p5_34_1_4","p5_34_1_4","0,1"
"Pregunta P5.35.1.1 ¿En cuánto se estima el valor del apoyo en pesos? - APOYO 1","9","C","p5_35_1_1","p5_35_1_1","000000130…000200000,999999888,999999999"
"Pregunta P5.35.1.2 ¿En cuánto se estima el valor del apoyo en pesos? - APOYO 2","9","C","p5_35_1_2","p5_35_1_2","000014000,999999888,999999999"
"Pregunta P5.33.2 Durante 2019, ¿alguna persona de este hogar recibió gratuitamente material para ampliar la vivienda como construir nuevos cuartos?","1","C","p5_33_2","p5_33_2","1,2"
"Pregunta P5.34.2.1 ¿Quién otorgó el (material para ampliar la vivienda como construir nuevos cuartos)? - GOBIERNO","1","C","p5_34_2_1","p5_34_2_1","0,1"
"Pregunta P5.34.2.2 ¿Quién otorgó el (material para ampliar la vivienda como construir nuevos cuartos)? - ORGANIZACIONES NO LUCRATIVAS","1","C","p5_34_2_2","p5_34_2_2","0,1"
"Pregunta P5.34.2.3 ¿Quién otorgó el (material para ampliar la vivienda como construir nuevos cuartos)? - EMPRESAS","1","C","p5_34_2_3","p5_34_2_3","0,1"
"Pregunta P5.34.2.4 ¿Quién otorgó el (material para ampliar la vivienda como construir nuevos cuartos)? - OTRO HOGAR","1","C","p5_34_2_4","p5_34_2_4","0,1"
"Pregunta P5.35.2.1 ¿En cuánto se estima el valor del apoyo en pesos? - APOYO 1","9","C","p5_35_2_1","p5_35_2_1","000000300…000120000,999999888,999999999"
"Pregunta P5.35.2.2 ¿En cuánto se estima el valor del apoyo en pesos? - APOYO 2","9","C","p5_35_2_2","p5_35_2_2","000000001…899999999,999999888,999999999"
"Pregunta P5.33.3 Durante 2019, ¿alguna persona de este hogar recibió gratuitamente material para renovar, rehabilitar o reforzar la parte estructural de la vivienda como cambiar o incluir trabes, paredes, cimientos, techos, muros, vigas o pisos?","1","C","p5_33_3","p5_33_3","1,2"
"Pregunta P5.34.3.1 ¿Quién otorgó el (material para renovar, rehabilitar o reforzar la parte estructural de la vivienda como cambiar o incluir trabes, paredes, cimientos, techos, muros, vigas o pisos)? - GOBIERNO","1","C","p5_34_3_1","p5_34_3_1","0,1"
"Pregunta P5.34.3.2 ¿Quién otorgó el (material para renovar, rehabilitar o reforzar la parte estructural de la vivienda como cambiar o incluir trabes, paredes, cimientos, techos, muros, vigas o pisos)? - ORGANIZACIONES NO LUCRATIVAS","1","C","p5_34_3_2","p5_34_3_2","0,1"
"Pregunta P5.34.3.3 ¿Quién otorgó el (material para renovar, rehabilitar o reforzar la parte estructural de la vivienda como cambiar o incluir trabes, paredes, cimientos, techos, muros, vigas o pisos)? - EMPRESAS","1","C","p5_34_3_3","p5_34_3_3","0,1"
"Pregunta P5.34.3.4 ¿Quién otorgó el (material para renovar, rehabilitar o reforzar la parte estructural de la vivienda como cambiar o incluir trabes, paredes, cimientos, techos, muros, vigas o pisos)? - OTRO HOGAR","1","C","p5_34_3_4","p5_34_3_4","0,1"
"Pregunta P5.35.3.1 ¿En cuánto se estima el valor del apoyo en pesos? - APOYO 1","9","C","p5_35_3_1","p5_35_3_1","000000200…000060000,999999888,999999999"
"Pregunta P5.35.3.2 ¿En cuánto se estima el valor del apoyo en pesos? - APOYO 2","9","C","p5_35_3_2","p5_35_3_2","000004000,999999888,999999999"
"Pregunta P5.33.4 Durante 2019, ¿alguna persona de este hogar recibió gratuitamente material para dar mantenimiento o hacer reparaciones?","1","C","p5_33_4","p5_33_4","1,2"
"Pregunta P5.34.4.1 ¿Quién otorgó el (material para dar mantenimiento o hacer reparaciones)? - GOBIERNO","1","C","p5_34_4_1","p5_34_4_1","0,1"
"Pregunta P5.34.4.2 ¿Quién otorgó el (material para dar mantenimiento o hacer reparaciones)? - ORGANIZACIONES NO LUCRATIVAS","1","C","p5_34_4_2","p5_34_4_2","0,1"
"Pregunta P5.34.4.3 ¿Quién otorgó el (material para dar mantenimiento o hacer reparaciones)? - EMPRESAS","1","C","p5_34_4_3","p5_34_4_3","0,1"
"Pregunta P5.34.4.4 ¿Quién otorgó el (material para dar mantenimiento o hacer reparaciones)? - OTRO HOGAR","1","C","p5_34_4_4","p5_34_4_4","0,1"
"Pregunta P5.35.4.1 ¿En cuánto se estima el valor del apoyo en pesos? - APOYO 1","9","C","p5_35_4_1","p5_35_4_1","000000100…000200000,999999888,999999999"
"Pregunta P5.35.4.2 ¿En cuánto se estima el valor del apoyo en pesos? - APOYO 2","9","C","p5_35_4_2","p5_35_4_2","000000500,999999888,999999999"
"Pregunta P5.33.5 Durante 2019, ¿alguna persona de este hogar recibió gratuitamente otro apoyo en especie?","1","C","p5_33_5","p5_33_5","1,2"
"Pregunta P5.34.5.1 ¿Quién otorgó el (otro apoyo en especie)? - GOBIERNO","1","C","p5_34_5_1","p5_34_5_1","0,1"
"Pregunta P5.34.5.2 ¿Quién otorgó el (otro apoyo en especie)? - ORGANIZACIONES NO LUCRATIVAS","1","C","p5_34_5_2","p5_34_5_2","0,1"
"Pregunta P5.34.5.3 ¿Quién otorgó el (otro apoyo en especie)? - EMPRESAS","1","C","p5_34_5_3","p5_34_5_3","0,1"
"Pregunta P5.34.5.4 ¿Quién otorgó el (otro apoyo en especie)? - OTRO HOGAR","1","C","p5_34_5_4","p5_34_5_4","0,1"
"Pregunta P5.35.5.1 ¿En cuánto se estima el valor del apoyo en pesos? - APOYO 1","9","C","p5_35_5_1","p5_35_5_1","000000100…000105000,999999888,999999999"
"Pregunta P5.35.5.2 ¿En cuánto se estima el valor del apoyo en pesos? - APOYO 2","9","C","p5_35_5_2","p5_35_5_2","000000001…899999999,999999888,999999999"
"Pregunta P5.36.1 Durante 2019, ¿alguna persona de este hogar dedicó su tiempo a construir la vivienda?","1","C","p5_36_1","p5_36_1","1,2"
"Pregunta P5.37.1.1 ¿Cuántas horas dedicó a (construir la vivienda) en el mes de diciembre de 2019?","3","C","p5_37_1_1","p5_37_1_1","000…600,999"
"Pregunta P5.37.1.2 ¿Cuántas horas dedicó a (construir la vivienda) la última semana de diciembre de 2019?","3","C","p5_37_1_2","p5_37_1_2","000…100,999"
"Pregunta P5.36.2 Durante 2019, ¿alguna persona de este hogar dedicó su tiempo a ampliar la vivienda como construir nuevos cuartos?","1","C","p5_36_2","p5_36_2","1,2"
"Pregunta P5.37.2.1 ¿Cuántas horas dedicó a (ampliar la vivienda como construir nuevos cuartos) en el mes de diciembre de 2019?","3","C","p5_37_2_1","p5_37_2_1","000,003…720,999"
"Pregunta P5.37.2.2 ¿Cuántas horas dedicó a (ampliar la vivienda como construir nuevos cuartos) la última semana de diciembre de 2019?","3","C","p5_37_2_2","p5_37_2_2","000…100,999"
"Pregunta P5.36.3 Durante 2019, ¿alguna persona de este hogar dedicó su tiempo a renovar, rehabilitar o reforzar la parte estructural de la vivienda como cambiar o incluir trabes, paredes, cimientos, techos, muros, vigas o pisos?","1","C","p5_36_3","p5_36_3","1,2"
"Pregunta P5.37.3.1 ¿Cuántas horas dedicó a (renovar, rehabilitar o reforzar la parte estructural de la vivienda como cambiar o incluir trabes, paredes, cimientos, techos, muros, vigas o pisos) en el mes de diciembre de 2019?","3","C","p5_37_3_1","p5_37_3_1","000…400,999"
"Pregunta P5.37.3.2 ¿Cuántas horas dedicó a (renovar, rehabilitar o reforzar la parte estructural de la vivienda como cambiar o incluir trabes, paredes, cimientos, techos, muros, vigas o pisos) la última semana de diciembre de 2019?","3","C","p5_37_3_2","p5_37_3_2","000,002…100,999"
"Pregunta P5.36.4 Durante 2019, ¿alguna persona de este hogar dedicó su tiempo a dar mantenimiento o hacer reparaciones?","1","C","p5_36_4","p5_36_4","1,2"
"Pregunta P5.37.4.1 ¿Cuántas horas dedicó a (dar mantenimiento o hacer reparaciones) en el mes de diciembre de 2019?","3","C","p5_37_4_1","p5_37_4_1","000…300,999"
"Pregunta P5.37.4.2 ¿Cuántas horas dedicó a (dar mantenimiento o hacer reparaciones) la última semana de diciembre de 2019?","3","C","p5_37_4_2","p5_37_4_2","000…100,999"
"Pregunta P5.36.5 Durante 2019, ¿alguna persona de este hogar dedicó su tiempo a remodelar la vivienda?","1","C","p5_36_5","p5_36_5","1,2"
"Pregunta P5.37.5.1 ¿Cuántas horas dedicó a (remodelar la vivienda) en el mes de diciembre de 2019?","3","C","p5_37_5_1","p5_37_5_1","000…602,999"
"Pregunta P5.37.5.2 ¿Cuántas horas dedicó a (remodelar la vivienda) la última semana de diciembre de 2019?","3","C","p5_37_5_2","p5_37_5_2","000…120,999"
"Pregunta P5.36.6 Durante 2019, ¿alguna persona de este hogar dedicó su tiempo a supervisar la construcción o mejoramiento de su vivienda?","1","C","p5_36_6","p5_36_6","1,2"
"Pregunta P5.37.6.1 ¿Cuántas horas dedicó a (supervisar la construcción o mejoramiento  de su vivienda) en el mes de diciembre de 2019?","3","C","p5_37_6_1","p5_37_6_1","000…720,999"
"Pregunta P5.37.6.2 ¿Cuántas horas dedicó a (supervisar la construcción o mejoramiento  de su vivienda) la última semana de diciembre de 2019?","3","C","p5_37_6_2","p5_37_6_2","000…120,999"
"Pregunta P5.38.1 Para la construcción de esta vivienda, durante 2020 ¿alguna persona de este hogar gastó en servicios de diseño y trazado de la vivienda?","1","C","p5_38_1","p5_38_1","1,2"
"Pregunta P5.39.1 ¿Cuánto se gastó en servicios de diseño y trazado de la vivienda?","9","C","p5_39_1","p5_39_1","000000300…000100000,999999888,999999999"
"Pregunta P5.38.2 Para la construcción de esta vivienda, durante 2020 ¿alguna persona de este hogar gastó en servicios de división y preparación del terreno?","1","C","p5_38_2","p5_38_2","1,2"
"Pregunta P5.39.2 ¿Cuánto se gastó en servicios de división y preparación del terreno?","9","C","p5_39_2","p5_39_2","000000800…000180000,999999888,999999999"
"Pregunta P5.38.3 Para la construcción de esta vivienda, durante 2020 ¿alguna persona de este hogar gastó en servicios de demolición de otra vivienda?","1","C","p5_38_3","p5_38_3","1,2"
"Pregunta P5.39.3 ¿Cuánto se gastó en servicios de demolición de otra vivienda?","9","C","p5_39_3","p5_39_3","000000300…000030000,999999888,999999999"
"Pregunta P5.38.4 Para la construcción de esta vivienda, durante 2020 ¿alguna persona de este hogar gastó en licencia o permiso para construir?","1","C","p5_38_4","p5_38_4","1,2"
"Pregunta P5.39.4 ¿Cuánto se gastó en licencia o permiso para construir?","9","C","p5_39_4","p5_39_4","000000200…000010500,999999888,999999999"
"Pregunta P5.38.5 Para la construcción de esta vivienda, durante 2020 ¿alguna persona de este hogar gastó en otros servicios para la construcción de la vivienda (avalúo de terreno, licencia de uso de suelo, registro público de la propiedad)?","1","C","p5_38_5","p5_38_5","1,2"
"Pregunta P5.39.5 ¿Cuánto se gastó en en otros servicios para la construcción de la vivienda (avalúo de terreno, licencia de uso de suelo, registro público de la propiedad)?","9","C","p5_39_5","p5_39_5","000000200…000040000,999999888,999999999"
"Pregunta P5.40.1 Durante 2020, para esta vivienda ¿alguna persona de este hogar gastó en servicios notariales para la escrituración de la vivienda?","1","C","p5_40_1","p5_40_1","1,2"
"Pregunta P5.41.1 ¿Cuánto se gastó en servicios notariales para la escrituración de la vivienda?","9","C","p5_41_1","p5_41_1","000000150…000550000,999999888,999999999"
"Pregunta P5.40.2 Durante 2020, para esta vivienda ¿alguna persona de este hogar realizó otros gastos derivados de la compra (construcción) de esta vivienda (impuestos y honorarios del notario)?","1","C","p5_40_2","p5_40_2","1,2"
"Pregunta P5.41.2 ¿Cuánto se gastó en otros gastos derivados de la compra (construcción) de esta vivienda (impuestos y honorarios del notario)?","9","C","p5_41_2","p5_41_2","000000100…000050000,999999888,999999999"
"Pregunta P5.42.1 Durante 2020, ¿en esta vivienda se hizo alguna construcción de paredes, pisos, techos?","1","C","p5_42_1","p5_42_1","1,2"
"Pregunta P5.43.1.1 Para la construcción de paredes, pisos, techos, ¿cuánto se gastó en materiales?","9","C","p5_43_1_1","p5_43_1_1","000000000,000000100…001200000,999999888,999999999"
"Pregunta P5.43.1.2 Para la (construcción de paredes, pisos, techos), ¿cuánto se gastó en sueldos y salarios?","9","C","p5_43_1_2","p5_43_1_2","000000000,000000100…000300000,999999888,999999999"
"Pregunta P5.43.1.3 Para la (construcción de paredes, pisos, techos), ¿cuánto se gastó en licencia o permiso para construir?","9","C","p5_43_1_3","p5_43_1_3","000000000,000000150…000020000,999999888,999999999"
"Pregunta P5.42.2 Durante 2020, ¿en esta vivienda se hizo alguna ampliación como construir nuevos cuartos?","1","C","p5_42_2","p5_42_2","1,2"
"Pregunta P5.43.2.1 Para la (ampliación como construir nuevos cuartos), ¿cuánto se gastó en materiales?","9","C","p5_43_2_1","p5_43_2_1","000000000,000000200…001000000,999999888,999999999"
"Pregunta P5.43.2.2 Para la (ampliación como construir nuevos cuartos), ¿cuánto se gastó en sueldos y salarios?","9","C","p5_43_2_2","p5_43_2_2","000000000,000000100…000900000,999999888,999999999"
"Pregunta P5.43.2.3 Para la (ampliación como construir nuevos cuartos), ¿cuánto se gastó en licencia o permiso para construir?","9","C","p5_43_2_3","p5_43_2_3","000000000,000000182…000030000,999999888,999999999"
"Pregunta P5.42.3 Durante 2020, ¿en esta vivienda se hizo alguna renovación, rehabilitación o reforzamiento de la parte estructural como un cambio o construcción de trabes, paredes, cimientos, techos, muros, vigas o pisos?","1","C","p5_42_3","p5_42_3","1,2"
"Pregunta P5.43.3.1 Para la (renovación, rehabilitación o reforzamiento de la parte  estructural como un cambio o construcción de trabes, paredes, cimientos, techos, muros, vigas o pisos), ¿cuánto se gastó en materiales?","9","C","p5_43_3_1","p5_43_3_1","000000000,000000100…000400000,999999888,999999999"
"Pregunta P5.43.3.2 Para la (renovación, rehabilitación o reforzamiento de la parte  estructural como un cambio o construcción de trabes, paredes, cimientos, techos, muros, vigas o pisos), ¿cuánto se gastó en sueldos y salarios?","9","C","p5_43_3_2","p5_43_3_2","000000000,000000100…000150000,999999888,999999999"
"Pregunta P5.43.3.3 Para la (renovación, rehabilitación o reforzamiento de la parte  estructural como un cambio o construcción de trabes, paredes, cimientos, techos, muros, vigas o pisos), ¿cuánto se gastó en licencia o permiso para construir?","9","C","p5_43_3_3","p5_43_3_3","000000000,000000380…000010000,999999888,999999999"
"Pregunta P5.42.4 Durante 2020, ¿en esta vivienda se hizo alguna reparación menor o mantenimiento?","1","C","p5_42_4","p5_42_4","1,2"
"Pregunta P5.43.4.1 Para la (reparación menor o mantenimiento), ¿cuánto se gastó en materiales?","9","C","p5_43_4_1","p5_43_4_1","000000000,000000020…001100000,999999888,999999999"
"Pregunta P5.43.4.2 Para la (reparación menor o mantenimiento), ¿cuánto se gastó en sueldos y salarios?","9","C","p5_43_4_2","p5_43_4_2","000000000,000000050…000150000,999999888,999999999"
"Pregunta P5.42.5 Durante 2020, ¿en esta vivienda se hizo alguna remodelación?","1","C","p5_42_5","p5_42_5","1,2"
"Pregunta P5.43.5.1 Para la (remodelación), ¿cuánto se gastó en materiales?","9","C","p5_43_5_1","p5_43_5_1","000000000,000000050…020000000,999999888,999999999"
"Pregunta P5.43.5.2 Para la (remodelación), ¿cuánto se gastó en sueldos y salarios?","9","C","p5_43_5_2","p5_43_5_2","000000000,000000100…000250000,999999888,999999999"
"Pregunta P5.44.1 Para financiar este gasto, ¿alguna persona de este hogar utilizó crédito de una institución pública?","1","C","p5_44_1","p5_44_1","1,2"
"Pregunta P5.45.1 ¿Qué cantidad se obtuvo del crédito de una institución pública?","9","C","p5_45_1","p5_45_1","000002000…000250000,999999888,999999999"
"Pregunta P5.44.2 Para financiar este gasto, ¿alguna persona de este hogar utilizó crédito de una institución privada (banco, sofol, caja de ahorro)?","1","C","p5_44_2","p5_44_2","1,2"
"Pregunta P5.45.2 ¿Qué cantidad se obtuvo del crédito de una institución privada (banco, sofol, caja de ahorro)?","9","C","p5_45_2","p5_45_2","000000500…000500000,999999888,999999999"
"Pregunta P5.44.3 Para financiar este gasto, ¿alguna persona de este hogar utilizó crédito de una organización no lucrativa?","1","C","p5_44_3","p5_44_3","1,2"
"Pregunta P5.45.3 ¿Qué cantidad se obtuvo del crédito de una organización no lucrativa?","9","C","p5_45_3","p5_45_3","000000300…000120000,999999888,999999999"
"Pregunta P5.44.4 Para financiar este gasto, ¿alguna persona de este hogar utilizó préstamo de un familiar, amigo u otra persona?","1","C","p5_44_4","p5_44_4","1,2"
"Pregunta P5.45.4 ¿Qué cantidad se obtuvo del préstamo de un familiar, amigo u otra persona?","9","C","p5_45_4","p5_45_4","000000100…000430000,999999888,999999999"
"Pregunta P5.44.5 Para financiar este gasto, ¿alguna persona de este hogar utilizó sus propios recursos?","1","C","p5_44_5","p5_44_5","1,2"
"Pregunta P5.45.5 ¿Qué cantidad se obtuvo de sus propios recursos?","9","C","p5_45_5","p5_45_5","000000020…004500000,999999888,999999999"
"Pregunta P5.44.6 Para financiar este gasto, ¿alguna persona de este hogar utilizó subsidio Federal (CONAVI, FONHAPO, etcétera.)?","1","C","p5_44_6","p5_44_6","1,2"
"Pregunta P5.45.6 ¿Qué cantidad se obtuvo del subsidio Federal (CONAVI, FONHAPO, etcétera.)?","9","C","p5_45_6","p5_45_6","000000300…001450000,999999888,999999999"
"Pregunta P5.44.7 Para financiar este gasto, ¿alguna persona de este hogar utilizó subsidio Estatal?","1","C","p5_44_7","p5_44_7","1,2"
"Pregunta P5.45.7 ¿Qué cantidad se obtuvo del subsidio Estatal?","9","C","p5_45_7","p5_45_7","000005500…000055000,999999888,999999999"
"Pregunta P5.44.8 Para financiar este gasto, ¿alguna persona de este hogar utilizó subsidio Municipal?","1","C","p5_44_8","p5_44_8","1,2"
"Pregunta P5.45.8 ¿Qué cantidad se obtuvo del subsidio Municipal?","9","C","p5_45_8","p5_45_8","000000500…000100000,999999888,999999999"
"Pregunta P5.46.1 Durante 2020, ¿alguna persona de este hogar recibió gratuitamente material para construir la vivienda?","1","C","p5_46_1","p5_46_1","1,2"
"Pregunta P5.47.1.1 ¿Quién otorgó el (material para construir la vivienda)? - GOBIERNO","1","C","p5_47_1_1","p5_47_1_1","0,1"
"Pregunta P5.47.1.2 ¿Quién otorgó el (material para construir la vivienda)? - ORGANIZACIONES NO LUCRATIVAS","1","C","p5_47_1_2","p5_47_1_2","0,1"
"Pregunta P5.47.1.3 ¿Quién otorgó el (material para construir la vivienda)? - EMPRESAS","1","C","p5_47_1_3","p5_47_1_3","0,1"
"Pregunta P5.47.1.4 ¿Quién otorgó el (material para construir la vivienda)? - OTRO HOGAR","1","C","p5_47_1_4","p5_47_1_4","0,1"
"Pregunta P5.48.1.1 ¿En cuánto se estima el valor del apoyo en pesos? - APOYO 1","9","C","p5_48_1_1","p5_48_1_1","000000260…000145000,999999888,999999999"
"Pregunta P5.48.1.2 ¿En cuánto se estima el valor del apoyo en pesos? - APOYO 2","9","C","p5_48_1_2","p5_48_1_2","000060000,999999888,999999999"
"Pregunta P5.46.2 Durante 2020, ¿alguna persona de este hogar recibió gratuitamente material para ampliar la vivienda como construir nuevos cuartos?","1","C","p5_46_2","p5_46_2","1,2"
"Pregunta P5.47.2.1 ¿Quién otorgó el (material para ampliar la vivienda como construir nuevos cuartos)? - GOBIERNO","1","C","p5_47_2_1","p5_47_2_1","0,1"
"Pregunta P5.47.2.2 ¿Quién otorgó el (material para ampliar la vivienda como construir nuevos cuartos)? - ORGANIZACIONES NO LUCRATIVAS","1","C","p5_47_2_2","p5_47_2_2","0,1"
"Pregunta P5.47.2.3 ¿Quién otorgó el (material para ampliar la vivienda como construir nuevos cuartos)? - EMPRESAS","1","C","p5_47_2_3","p5_47_2_3","0,1"
"Pregunta P5.47.2.4 ¿Quién otorgó el (material para ampliar la vivienda como construir nuevos cuartos)? - OTRO HOGAR","1","C","p5_47_2_4","p5_47_2_4","0,1"
"Pregunta P5.48.2.1 ¿En cuánto se estima el valor del apoyo en pesos? - APOYO 1","9","C","p5_48_2_1","p5_48_2_1","000000130…000220000,999999888,999999999"
"Pregunta P5.48.2.2 ¿En cuánto se estima el valor del apoyo en pesos? - APOYO 2","9","C","p5_48_2_2","p5_48_2_2","000000200,999999888,999999999"
"Pregunta P5.46.3 Durante 2020, ¿alguna persona de este hogar recibió gratuitamente material para renovar, rehabilitar o reforzar la parte estructural de la vivienda como cambiar o incluir trabes, paredes, cimientos, techos, muros, vigas o pisos?","1","C","p5_46_3","p5_46_3","1,2"
"Pregunta P5.47.3.1 ¿Quién otorgó el (material para renovar, rehabilitar o reforzar la parte estructural de la vivienda como cambiar o incluir trabes, paredes, cimientos, techos, muros, vigas o pisos)? - GOBIERNO","1","C","p5_47_3_1","p5_47_3_1","0,1"
"Pregunta P5.47.3.2 ¿Quién otorgó el (material para renovar, rehabilitar o reforzar la parte estructural de la vivienda como cambiar o incluir trabes, paredes, cimientos, techos, muros, vigas o pisos)? - ORGANIZACIONES NO LUCRATIVAS","1","C","p5_47_3_2","p5_47_3_2","0,1"
"Pregunta P5.47.3.3 ¿Quién otorgó el (material para renovar, rehabilitar o reforzar la parte estructural de la vivienda como cambiar o incluir trabes, paredes, cimientos, techos, muros, vigas o pisos)? - EMPRESAS","1","C","p5_47_3_3","p5_47_3_3","0,1"
"Pregunta P5.47.3.4 ¿Quién otorgó el (material para renovar, rehabilitar o reforzar la parte estructural de la vivienda como cambiar o incluir trabes, paredes, cimientos, techos, muros, vigas o pisos)? - OTRO HOGAR","1","C","p5_47_3_4","p5_47_3_4","0,1"
"Pregunta P5.48.3.1 ¿En cuánto se estima el valor del apoyo en pesos? - APOYO 1","9","C","p5_48_3_1","p5_48_3_1","000000120…000140000,999999888,999999999"
"Pregunta P5.48.3.2 ¿En cuánto se estima el valor del apoyo en pesos? - APOYO 2","9","C","p5_48_3_2","p5_48_3_2","000000001…899999999,999999888,999999999"
"Pregunta P5.46.4 Durante 2020, ¿alguna persona de este hogar recibió gratuitamente material para dar mantenimiento o hacer reparaciones?","1","C","p5_46_4","p5_46_4","1,2"
"Pregunta P5.47.4.1 ¿Quién otorgó el (material para dar mantenimiento o hacer reparaciones)? - GOBIERNO","1","C","p5_47_4_1","p5_47_4_1","0,1"
"Pregunta P5.47.4.2 ¿Quién otorgó el (material para dar mantenimiento o hacer reparaciones)? - ORGANIZACIONES NO LUCRATIVAS","1","C","p5_47_4_2","p5_47_4_2","0,1"
"Pregunta P5.47.4.3 ¿Quién otorgó el (material para dar mantenimiento o hacer reparaciones)? - EMPRESAS","1","C","p5_47_4_3","p5_47_4_3","0,1"
"Pregunta P5.47.4.4 ¿Quién otorgó el (material para dar mantenimiento o hacer reparaciones)? - OTRO HOGAR","1","C","p5_47_4_4","p5_47_4_4","0,1"
"Pregunta P5.48.4.1 ¿En cuánto se estima el valor del apoyo en pesos? - APOYO 1","9","C","p5_48_4_1","p5_48_4_1","000000080…000150000,999999888,999999999"
"Pregunta P5.48.4.2 ¿En cuánto se estima el valor del apoyo en pesos? - APOYO 2","9","C","p5_48_4_2","p5_48_4_2","000000001...899999999,999999888,999999999"
"Pregunta P5.46.5 Durante 2020, ¿alguna persona de este hogar recibió gratuitamente otro apoyo en especie?","1","C","p5_46_5","p5_46_5","1,2"
"Pregunta P5.47.5.1 ¿Quién otorgó el (otro apoyo en especie)? - GOBIERNO","1","C","p5_47_5_1","p5_47_5_1","0,1"
"Pregunta P5.47.5.2 ¿Quién otorgó el (otro apoyo en especie)? - ORGANIZACIONES NO LUCRATIVAS","1","C","p5_47_5_2","p5_47_5_2","0,1"
"Pregunta P5.47.5.3 ¿Quién otorgó el (otro apoyo en especie)? - EMPRESAS","1","C","p5_47_5_3","p5_47_5_3","0,1"
"Pregunta P5.47.5.4 ¿Quién otorgó el (otro apoyo en especie)? - OTRO HOGAR","1","C","p5_47_5_4","p5_47_5_4","0,1"
"Pregunta P5.48.5.1 ¿En cuánto se estima el valor del apoyo en pesos? - APOYO 1","9","C","p5_48_5_1","p5_48_5_1","000000100…000065000,999999888,999999999"
"Pregunta P5.48.5.2 ¿En cuánto se estima el valor del apoyo en pesos? - APOYO 2","9","C","p5_48_5_2","p5_48_5_2","000000600,999999888,999999999"
"Pregunta P5.49.1 Durante 2020, ¿alguna persona de este hogar dedicó su tiempo a construir la vivienda?","1","C","p5_49_1","p5_49_1","1,2"
"Pregunta P5.50.1.1 ¿Cuántas horas dedicó a (construir la vivienda) en el mes de octubre de 2020?","3","C","p5_50_1_1","p5_50_1_1","000…300,999"
"Pregunta P5.50.1.2 ¿Cuántas horas dedicó a (construir la vivienda) la última semana de octubre de 2020?","3","C","p5_50_1_2","p5_50_1_2","000…100,999"
"Pregunta P5.49.2 Durante 2020, ¿alguna persona de este hogar dedicó su tiempo a ampliar la vivienda como construir nuevos cuartos?","1","C","p5_49_2","p5_49_2","1,2"
"Pregunta P5.50.2.1 ¿Cuántas horas dedicó a (ampliar la vivienda como construir nuevos cuartos) en el mes de octubre de 2020?","3","C","p5_50_2_1","p5_50_2_1","000,002…720,999"
"Pregunta P5.50.2.2 ¿Cuántas horas dedicó a (ampliar la vivienda como construir nuevos cuartos) la última semana de octubre de 2020?","3","C","p5_50_2_2","p5_50_2_2","000…120,999"
"Pregunta P5.49.3 Durante 2020, ¿alguna persona de este hogar dedicó su tiempo a renovar, rehabilitar o reforzar la parte estructural de la vivienda como cambiar o incluir trabes, paredes, cimientos, techos, muros, vigas o pisos?","1","C","p5_49_3","p5_49_3","1,2"
"Pregunta P5.50.3.1 ¿Cuántas horas dedicó a (renovar, rehabilitar o reforzar la parte estructural de la vivienda como cambiar o incluir trabes, paredes, cimientos, techos, muros, vigas o pisos) en el mes de octubre de 2020?","3","C","p5_50_3_1","p5_50_3_1","000,002…280,999"
"Pregunta P5.50.3.2 ¿Cuántas horas dedicó a (renovar, rehabilitar o reforzar la parte estructural de la vivienda como cambiar o incluir trabes, paredes, cimientos, techos, muros, vigas o pisos) la última semana de octubre de 2020?","3","C","p5_50_3_2","p5_50_3_2","000…100,999"
"Pregunta P5.49.4 Durante 2020, ¿alguna persona de este hogar dedicó su tiempo a dar mantenimiento o hacer reparaciones?","1","C","p5_49_4","p5_49_4","1,2"
"Pregunta P5.50.4.1 ¿Cuántas horas dedicó a (dar mantenimiento o hacer reparaciones) en el mes de octubre de 2020?","3","C","p5_50_4_1","p5_50_4_1","000…350,999"
"Pregunta P5.50.4.2 ¿Cuántas horas dedicó a (dar mantenimiento o hacer reparaciones) la última semana de octubre de 2020?","3","C","p5_50_4_2","p5_50_4_2","000…120,999"
"Pregunta P5.49.5 Durante 2020, ¿alguna persona de este hogar dedicó su tiempo a remodelar la vivienda?","1","C","p5_49_5","p5_49_5","1,2"
"Pregunta P5.50.5.1 ¿Cuántas horas dedicó a (remodelar la vivienda) en el mes de octubre de 2020?","3","C","p5_50_5_1","p5_50_5_1","000…300,999"
"Pregunta P5.50.5.2 ¿Cuántas horas dedicó a (remodelar la vivienda) la última semana de octubre de 2020?","3","C","p5_50_5_2","p5_50_5_2","000…100,999"
"Pregunta P5.49.6 Durante 2020, ¿alguna persona de este hogar dedicó su tiempo a supervisar la construcción o mejoramiento de su vivienda?","1","C","p5_49_6","p5_49_6","1,2"
"Pregunta P5.50.6.1 ¿Cuántas horas dedicó a (supervisar la construcción o mejoramiento de su vivienda) en el mes de octubre de 2020?","3","C","p5_50_6_1","p5_50_6_1","000…500,999"
"Pregunta P5.50.6.2 ¿Cuántas horas dedicó a (supervisar la construcción o mejoramiento de su vivienda) la última semana de octubre de 2020?","3","C","p5_50_6_2","p5_50_6_2","000…100,999"
"Pregunta P6.1.1 Dígame si en la vivienda, ¿se tiene la necesidad de reparar o colocar piso?","1","C","p6_1_1","p6_1_1","1,2,9"
"Pregunta P6.1.2 Dígame si en la vivienda, ¿se tiene la necesidad de construir un cuarto?","1","C","p6_1_2","p6_1_2","1,2,9"
"Pregunta P6.1.3 Dígame si en la vivienda, ¿se tiene la necesidad de construir un baño?","1","C","p6_1_3","p6_1_3","1,2,9"
"Pregunta P6.1.4 Dígame si en la vivienda, ¿se tiene la necesidad de ampliar o modificar la cocina?","1","C","p6_1_4","p6_1_4","1,2,9"
"Pregunta P6.1.5 Dígame si en la vivienda, ¿se tiene la necesidad de cambiar ventanas o puertas?","1","C","p6_1_5","p6_1_5","1,2,9"
"Pregunta P6.1.6 Dígame si en la vivienda, ¿se tiene la necesidad de Otra reparación o renovación?","1","C","p6_1_6","p6_1_6","1,2,9"
"Pregunta P6.1.7 Dígame si en la vivienda, ¿se tiene la necesidad de arreglos y remodelación?","1","C","p6_1_7","p6_1_7","1,2,9"
"Pregunta P6.1.8 Dígame si en la vivienda, ¿se tiene la necesidad de construir o ampliar otros espacios?","1","C","p6_1_8","p6_1_8","1,2,9"
"Pregunta P6.1.9 Dígame si en la vivienda, ¿se tiene la necesidad de reparaciones, mantenimiento e instalaciones?","1","C","p6_1_9","p6_1_9","1,2,9"
"Pregunta P6.2A De la siguiente tarjeta, dígame la principal razón por la que decidieron vivir en esta vivienda. 6.2a ¿La principal?","2","C","p6_2a","p6_2a","01…09,98"
"Pregunta P6.2B De la siguiente tarjeta, dígame la principal razón por la que decidieron vivir en esta vivienda. 6.2b ¿Y la segunda?","2","C","p6_2b","p6_2b","01…09,98"
"Pregunta P6.3.1 Pensado en esta vivienda, dígame, ¿qué tan satisfechos están con la calidad del piso?","1","C","p6_3_1","p6_3_1","1…4"
"Pregunta P6.3.2 Pensado en esta vivienda, dígame, ¿qué tan satisfechos están con la calidad de los muros y techos?","1","C","p6_3_2","p6_3_2","1…4"
"Pregunta P6.3.3 Pensado en esta vivienda, dígame, ¿qué tan satisfechos están con la pintura, recubrimientos y otros acabados?","1","C","p6_3_3","p6_3_3","1…4"
"Pregunta P6.3.4 Pensado en esta vivienda, dígame, ¿qué tan satisfechos están con la iluminación natural?","1","C","p6_3_4","p6_3_4","1…4"
"Pregunta P6.3.5 Pensado en esta vivienda, dígame, ¿qué tan satisfechos están con la ventilación natural?","1","C","p6_3_5","p6_3_5","1…4"
"Pregunta P6.3.6 Pensado en esta vivienda, dígame, ¿qué tan satisfechos están con la protección que les da contra la lluvia, frío, calor o viento?","1","C","p6_3_6","p6_3_6","1…4"
"Pregunta P6.4.1 Pensado en esta vivienda, dígame, ¿qué tan satisfechos están con el tamaño de los cuartos para dormir?","1","C","p6_4_1","p6_4_1","1…4"
"Pregunta P6.4.2 Pensado en esta vivienda, dígame, ¿qué tan satisfechos están con el tamaño de el o los baños?","1","C","p6_4_2","p6_4_2","1…4"
"Pregunta P6.4.3 Pensado en esta vivienda, dígame, ¿qué tan satisfechos están con el tamaño de la cocina?","1","C","p6_4_3","p6_4_3","1…4"
"Pregunta P6.4.4 Pensado en esta vivienda, dígame, ¿qué tan satisfechos están con el tamaño de la sala comedor?","1","C","p6_4_4","p6_4_4","1…4"
"Pregunta P6.4.5 Pensado en esta vivienda, dígame, ¿qué tan satisfechos están con el tamaño de el patio?","1","C","p6_4_5","p6_4_5","1…4"
"Pregunta P6.4.6 Pensado en esta vivienda, dígame, ¿qué tan satisfechos están con el tamaño de las áreas comunes?","1","C","p6_4_6","p6_4_6","1…4,8"
"Pregunta P6.5.1 ¿Qué tan satisfechos están con la “distancia-tiempo” entre esta vivienda y el trabajo?","1","C","p6_5_1","p6_5_1","1…4,9"
"Pregunta P6.5.2 ¿Qué tan satisfechos están con la “distancia-tiempo” entre esta vivienda y los centros escolares?","1","C","p6_5_2","p6_5_2","1…4,9"
"Pregunta P6.5.3 ¿Qué tan satisfechos están con la “distancia-tiempo” entre esta vivienda y los centros de salud?","1","C","p6_5_3","p6_5_3","1…4,9"
"Pregunta P6.5.4 ¿Qué tan satisfechos están con la “distancia-tiempo” entre esta vivienda y mercados o centros comerciales?","1","C","p6_5_4","p6_5_4","1…4,9"
"Pregunta P6.5.5 ¿Qué tan satisfechos están con la “distancia-tiempo” entre esta vivienda y parques o espacios deportivos?","1","C","p6_5_5","p6_5_5","1…4,9"
"Pregunta P6.5.6 ¿Qué tan satisfechos están con la “distancia-tiempo” entre esta vivienda y los centros de recreación o instalaciones culturales?","1","C","p6_5_6","p6_5_6","1…4,9"
"Pregunta P6.6 ¿Qué tanto consideran que la vivienda se identifica con sus gustos, costumbres y tradiciones?","1","C","p6_6","p6_6","1…4,9"
"Pregunta P6.7.1 ¿Esta vivienda tiene necesidad de realizarle alguna adaptación para personas con discapacidad como poner rampas?","1","C","p6_7_1","p6_7_1","1,2"
"Pregunta P6.7.2 ¿Esta vivienda tiene necesidad de realizarle alguna adaptación para personas con discapacidad como ampliar puertas?","1","C","p6_7_2","p6_7_2","1,2"
"Pregunta P6.7.3 ¿Esta vivienda tiene necesidad de realizarle alguna adaptación para personas con discapacidad como adecuar baños?","1","C","p6_7_3","p6_7_3","1,2"
"Pregunta P6.7.4 ¿Esta vivienda tiene necesidad de realizarle alguna adaptación para personas con discapacidad como poner pasamanos?","1","C","p6_7_4","p6_7_4","1,2"
"Pregunta P6.8 En una escala del 0 al 10, dígame, ¿qué tan satisfechos están con la vivienda?","2","C","p6_8","p6_8","00…10,99"
"Pregunta P6.9.1 En su colonia o barrio (localidad), ¿qué tanto problema tienen con la falta de rampas (o elevadores) para personas con discapacidad?","1","C","p6_9_1","p6_9_1","1…4,9"
"Pregunta P6.9.2 En su colonia o barrio (localidad), ¿qué tanto problema tienen con el exceso de ruido por vecinos o del exterior?","1","C","p6_9_2","p6_9_2","1…4,9"
"Pregunta P6.9.3 En su colonia o barrio (localidad), ¿qué tanto problema tienen con la basura tirada en las calles?","1","C","p6_9_3","p6_9_3","1…4,9"
"Pregunta P6.9.4 En su colonia o barrio (localidad), ¿qué tanto problema tienen con la contaminación del ambiente por fábricas o construcciones?","1","C","p6_9_4","p6_9_4","1…4,9"
"Pregunta P6.9.5 En su colonia o barrio (localidad), ¿qué tanto problema tienen con el deterioro por abandono de viviendas o espacios públicos?","1","C","p6_9_5","p6_9_5","1…4,9"
"Pregunta P6.9.6 En su colonia o barrio (localidad), ¿qué tanto problema tienen con el vandalismo, grafitis, pintas, vidrios rotos, entre otros?","1","C","p6_9_6","p6_9_6","1…4,9"
"Pregunta P6.9.7 En su colonia o barrio (localidad), ¿qué tanto problema tienen con los robos o asaltos?","1","C","p6_9_7","p6_9_7","1…4,9"
"Pregunta P6.10.1 Con relación a sus vecinos, ¿qué tanto se conocen entre ustedes?","1","C","p6_10_1","p6_10_1","1…4,9"
"Pregunta P6.10.2 Con relación a sus vecinos, ¿qué tanto cooperan entre todos?","1","C","p6_10_2","p6_10_2","1…4,9"
"Pregunta P6.10.3 Con relación a sus vecinos, ¿qué tanto se puede confiar en ellos?","1","C","p6_10_3","p6_10_3","1…4,9"
"Pregunta P6.10.4 Con relación a sus vecinos, ¿qué tanto se organizan para resolver asuntos de la colonia o barrio (localidad)?","1","C","p6_10_4","p6_10_4","1…4,9"
"Pregunta P6.11 En una escala del 0 al 10, ¿qué tan satisfechos están con su colonia o barrio (localidad)?","2","C","p6_11","p6_11","00…10,99"
"Pregunta P6.12 Si usted pudiera, ¿se mudaría de esta vivienda?","1","C","p6_12","p6_12","1,2"
"Pregunta P6.12A ¿Por qué se mudaría?","1","C","p6_12a","p6_12a","1…8"
"Pregunta P6.13 En esta vivienda, ¿qué tanto riesgo tienen de sufrir algún desalojo?","1","C","p6_13","p6_13","1…4,9"
"Pregunta P6.14 De marzo de 2020 a la fecha, debido a la pandemia por COVID-19, ¿qué tanto cambió su satisfacción con el tamaño, espacios y ubicación de su vivienda...?","1","C","p6_14","p6_14","1…4,9"
"Pregunta P6.15 A causa del confinamiento en la vivienda por COVID-19 (clases en línea, trabajo en casa), ¿identificaron que se necesita adaptar, remodelar o construir algún espacio en su vivienda?","1","C","p6_15","p6_15","1,2,9"
"Pregunta P6.16.1 De marzo de 2020 a la fecha, como consecuencia de la pandemia por COVID-19, ¿usted o algún integrante de esta vivienda se atrasó o dejó de pagar temporalmente el crédito de vivienda?","1","C","p6_16_1","p6_16_1","1,2,9"
"Pregunta P6.16.2 De marzo de 2020 a la fecha, como consecuencia de la pandemia por COVID-19, ¿usted o algún integrante de esta vivienda solicitó algún crédito al banco o institución financiera para pagar el crédito de vivienda?","1","C","p6_16_2","p6_16_2","1,2,9"
"Pregunta P6.16.3 De marzo de 2020 a la fecha, como consecuencia de la pandemia por COVID-19, ¿usted o algún integrante de esta vivienda aceptó el aplazamiento del pago de su crédito de vivienda ofrecido por su banco o institución financiera?","1","C","p6_16_3","p6_16_3","1,2,9"
"Pregunta P6.16.4 De marzo de 2020 a la fecha, como consecuencia de la pandemia por COVID-19, ¿usted o algún integrante de esta vivienda pidió prestado a familiares o conocidos, o tuvo que empeñar algo, para pagar el crédito de vivienda?","1","C","p6_16_4","p6_16_4","1,2,9"
"Pregunta P6.16.5 De marzo de 2020 a la fecha, como consecuencia de la pandemia por COVID-19, ¿usted o algún integrante de esta vivienda dejó definitivamente el crédito de vivienda por no poder pagarlo?","1","C","p6_16_5","p6_16_5","1,2,9"
"Pregunta P6.16.6 De marzo de 2020 a la fecha, como consecuencia de la pandemia por COVID-19, ¿usted o algún integrante de esta vivienda para pagar la renta, solicitó un préstamo o llegó a un acuerdo con la persona que le renta (pagar después o pagar una parte, etcétera)?","1","C","p6_16_6","p6_16_6","1,2,9"
"Pregunta P6.16.7 De marzo de 2020 a la fecha, como consecuencia de la pandemia por COVID-19, ¿usted o algún integrante de esta vivienda tuvo que dejar la vivienda que rentaba?","1","C","p6_16_7","p6_16_7","1,2,9"
"Pregunta P6.16.8 De marzo de 2020 a la fecha, como consecuencia de la pandemia por COVID-19, ¿usted o algún integrante de esta vivienda se recurrió a otra situación para solventar pagos del crédito o renta de la vivienda?","1","C","p6_16_8","p6_16_8","1,2,9"
"Entidad","2","C","ent","ent","01…32"
"Tamaño de localidad","1","C","tloc","tloc","1…4"
"Estrato de diseño","3","C","est_dis","","001…552"
"Unidad primaria de muestreo de diseño","7","C","upm_dis","","0000001…0008301"
"Factor de expansión","5","C","factor","","00004…08610"
